iter	MultiClass
0	0.233867563
1	0.1054783786
2	0.05119569845
3	0.02675749391
4	0.01449629973
5	0.007787592955
6	0.005223786296
7	0.003585379497
8	0.002592497334
9	0.001951592834
